{"cameraMode":{"drawMode":0,"name":"Shaded","section":"Shading Mode"},"sceneLighting":false,"audioPlay":false,"sceneViewState":{"showFog":true,"showMaterialUpdate":true,"showSkybox":true,"showFlares":true,"showImageEffects":true,"showParticleSystems":true},"in2DMode":false,"pivot":{"x":45.5,"y":-4.949999809265137,"z":-4.800000190734863},"rotation":{"x":0.04403067007660866,"y":0.04643853381276131,"z":-0.002045811153948307,"w":0.997948169708252},"size":75.18634033203125,"orthographic":true}